{"base_model_0500.pt": {"train_loss": 0.003739597275853157, "test_loss": 1.7503930206298828, "test_accuracy": 0.699}, "base_model_0600.pt": {"train_loss": 0.0035990490578114986, "test_loss": 1.659181640625, "test_accuracy": 0.719}, "base_model_0700.pt": {"train_loss": 0.0019880523905158043, "test_loss": 1.4650252990722656, "test_accuracy": 0.743}, "base_model_0800.pt": {"train_loss": 0.0033743565436452627, "test_loss": 1.8951737365722656, "test_accuracy": 0.707}, "base_model_0900.pt": {"train_loss": 3.9874146750662476e-05, "test_loss": 1.38917813873291, "test_accuracy": 0.767}, "base_model_1000.pt": {"train_loss": 0.001979525899514556, "test_loss": 1.5654893188476562, "test_accuracy": 0.761}, "base_model_1100.pt": {"train_loss": 0.0010925682727247477, "test_loss": 1.3449600219726563, "test_accuracy": 0.797}, "base_model_1200.pt": {"train_loss": 0.0010209981119260192, "test_loss": 1.8572682037353516, "test_accuracy": 0.744}, "base_model_1300.pt": {"train_loss": 0.0007737614214420319, "test_loss": 1.7298987274169921, "test_accuracy": 0.76}, "base_model_1400.pt": {"train_loss": 0.0011931752087548375, "test_loss": 1.4437215118408202, "test_accuracy": 0.772}, "base_model_1500.pt": {"train_loss": 0.0022758040577173233, "test_loss": 1.3550863189697266, "test_accuracy": 0.801}, "base_model_1600.pt": {"train_loss": 0.0009686658740974963, "test_loss": 1.4887649688720703, "test_accuracy": 0.791}, "base_model_1700.pt": {"train_loss": 0.001353982137516141, "test_loss": 1.3923705673217774, "test_accuracy": 0.81}, "base_model_1800.pt": {"train_loss": 0.00012453721137717366, "test_loss": 1.2667411804199218, "test_accuracy": 0.799}, "base_model_1900.pt": {"train_loss": 0.00045614776900038123, "test_loss": 1.292787742614746, "test_accuracy": 0.826}, "base_model_2000.pt": {"train_loss": 0.000948557979427278, "test_loss": 1.4047813262939453, "test_accuracy": 0.812}, "base_model_2100.pt": {"train_loss": 0.001847348059527576, "test_loss": 1.2947331161499023, "test_accuracy": 0.826}, "base_model_2200.pt": {"train_loss": 0.0011215292615815997, "test_loss": 1.3806629791259766, "test_accuracy": 0.801}, "base_model_2300.pt": {"train_loss": 0.0005152861122041941, "test_loss": 1.2969706573486328, "test_accuracy": 0.823}, "base_model_2400.pt": {"train_loss": 0.00036206701770424843, "test_loss": 1.1824512481689453, "test_accuracy": 0.838}, "base_model_2500.pt": {"train_loss": 0.00038449116982519627, "test_loss": 1.0210090065002442, "test_accuracy": 0.857}, "model_captcha_20231017155258.pt": {"train_loss": 1.826027750968933, "test_loss": 1.9866897583007812, "test_accuracy": 0.368}, "model_captcha_20231017155646.pt": {"train_loss": 1.8631383180618286, "test_loss": 2.013179962158203, "test_accuracy": 0.336}, "model_captcha_20231019094833.pt": {"train_loss": 1.8578699827194214, "test_loss": 2.192912384033203, "test_accuracy": 0.218}, "model_captcha_20231019101001.pt": {"train_loss": 2.4570837020874023, "test_loss": 2.236603576660156, "test_accuracy": 0.206}, "model_captcha_20231019132709.pt": {"train_loss": 2.096881628036499, "test_loss": 2.203541564941406, "test_accuracy": 0.194}, "model_captcha_20231020135313.pt": {"train_loss": 2.053793430328369, "test_loss": 2.2951800537109377, "test_accuracy": 0.17}, "model_captcha_20231020135552.pt": {"train_loss": 3.644913911819458, "test_loss": 3.1068963623046875, "test_accuracy": 0.15}, "model_captcha_20231020141322.pt": {"train_loss": 2.1516475677490234, "test_loss": 2.2829052734375, "test_accuracy": 0.16}, "model_captcha_20231020145638.pt": {"train_loss": 2.1239819526672363, "test_loss": 2.357907257080078, "test_accuracy": 0.07}, "model_captcha_20231020150716.pt": {"train_loss": 2.2223782539367676, "test_loss": 2.3616827392578124, "test_accuracy": 0.09}, "model_captcha_20231020170141.pt": {"train_loss": 2.179143190383911, "test_loss": 2.382416076660156, "test_accuracy": 0.09}}